表 165-F(103 年度)綜稅所得總額各縣市鄉鎮村里統計分析表,,,,,,單位:金額(千元),,,
縣市別:新,北,市,,,,製表日期:105 年 06 月 20 日,,,
,,納稅單位,綜合所得總額,平均數,中位數,第一分位數,第三分位數,標準差,變異係數
新莊區,海山里,1675,1346085,804,562,339,994,914.81,113.83
,全安里,1383,1226957,887,608,353,1073,1357.04,152.96
,文衡里,664,588320,886,627,359,1090,854.56,96.45
,興漢里,1144,1021901,893,581,347,1004,2018.42,225.96
,榮和里,933,852332,914,528,313,943,3832.38,419.51
,文德里,535,471890,882,631,368,1130,858.86,97.37
,文明里,545,568967,1044,637,363,1163,1848.72,177.08
,中港里,2016,1797203,891,585,358,1057,1429.60,160.36
,頭前里,2193,2553869,1165,676,368,1274,2690.74,231.05
,丹鳳里,2354,1705048,724,551,347,893,787.63,108.74
,西盛里,3393,2778564,819,595,366,1006,899.36,109.82
,瓊林里,1663,1234206,742,546,332,918,745.38,100.43
,營盤里,813,652812,803,534,285,955,1087.68,135.46
,後港里,2239,1675501,748,553,334,941,681.49,91.07
,國泰里,494,376334,762,517,303,833,1264.50,165.99
,立人里,740,793357,1072,681,373,1296,1319.24,123.05
,恆安里,1345,1182442,879,607,362,1095,945.93,107.60
,思源里,1658,1352175,816,586,355,973,905.82,111.07
,化成里,1162,959431,826,557,333,941,943.32,114.25
,福基里,1353,1397898,1033,658,360,1264,1281.34,124.02
,思賢里,1299,1060018,816,595,364,1020,770.65,94.44
,中美里,1664,1335208,802,575,353,962,797.86,99.43
,中和里,1409,1100726,781,548,330,895,842.42,107.84
,中泰里,1219,840237,689,517,335,872,666.24,96.66
,立言里,1695,1398759,825,582,356,1029,781.89,94.75
,立功里,999,662351,663,520,336,829,566.35,85.42
,立德里,837,811810,970,648,363,1146,1430.74,147.51
,豐年里,1116,810755,726,528,333,874,940.92,129.52
,忠孝里,1519,1211221,797,567,346,983,771.70,96.78
,立志里,1151,914221,794,555,359,911,977.80,123.10
,中誠里,672,800168,1191,533,330,915,7163.48,601.61
,自立里,1485,1108829,747,544,335,907,865.09,115.86
,自強里,644,390625,607,483,313,714,496.76,81.90
,幸福里,1249,774626,620,501,323,778,480.29,77.44
"註:本統計之所得為課稅資料,未納入「政府移轉支出」各戶所得、免稅所得、分離課稅所得等資料,不宜逕作為衡量所得差距之參據,相關所得資料應以行政院主計總處公布之資料為準。",,,,,,,,,

表 165-F(103 年度)綜稅所得總額各縣市鄉鎮村里統計分析表,,,,,,單位:金額(千元),,,
縣市別:新,北,市,,,,製表日期:105 年 06 月 20 日,,,
,,納稅單位,綜合所得總額,平均數,中位數,第一分位數,第三分位數,標準差,變異係數
仁愛里,,757,475587,628,499,333,781,490.43,78.06
信義里,,1618,1218135,753,539,348,903,773.66,102.76
龍鳳里,,2702,2517203,932,668,400,1184,1037.20,111.33
民安里,,1773,1367367,771,571,356,970,706.40,91.60
光華里,,2072,1540567,744,555,354,901,838.03,112.71
富國里,,733,474279,647,528,317,811,503.04,77.74
裕民里,,1920,1367738,712,527,332,873,837.36,117.55
南港里,,1653,1175376,711,554,343,871,624.20,87.78
萬安里,,1199,794667,663,523,336,801,678.58,102.38
八德里,,917,607732,663,516,340,799,578.89,87.35
民本里,,859,520125,606,496,336,744,452.56,74.74
光榮里,,1265,907638,718,550,339,901,611.95,85.29
光明里,,1291,893452,692,533,331,856,662.04,95.66
合鳳里,,1284,819874,639,504,330,779,608.64,95.32
雙鳳里,,3329,3113691,935,677,388,1139,1090.12,116.55
和平里,,1545,1093929,708,529,346,862,629.53,88.91
自信里,,736,604325,821,583,351,976,899.64,109.57
全泰里,,1772,1626761,918,622,372,1131,1348.11,146.85
立泰里,,1597,1274155,798,571,352,1010,911.42,114.24
立基里,,2067,2047217,990,625,367,1189,1540.47,155.54
中宏里,,1150,952510,828,594,379,999,824.04,99.49
中全里,,1054,730727,693,505,328,801,923.78,133.25
中華里,,844,796590,944,647,379,1177,916.89,97.15
中隆里,,1360,1305114,960,646,372,1135,1366.91,142.44
中原里,,2930,2654598,906,626,367,1079,1127.91,124.49
中信里,,2628,2227435,848,598,375,1036,870.52,102.71
仁義里,,1062,677381,638,510,315,813,523.24,82.03
建福里,,875,554679,634,495,337,789,515.75,81.36
四維里,,1264,835282,661,530,345,815,557.64,84.39
文聖里,,1263,1101124,872,622,371,1060,907.17,104.05
福營里,,861,656088,762,522,311,903,927.80,121.76
後德里,,1054,974629,925,580,353,1057,1766.26,191.01
建安里,,2060,1608400,781,586,350,1005,670.69,85.90
龍安里,,695,464074,668,521,338,820,571.51,85.59
"註:本統計之所得為課稅資料,未納入「政府移轉支出」各戶所得、免稅所得、分離課稅所得等資料,不宜逕作為衡量所得差距之參據,相關所得資料應以行政院主計總處公布之資料為準。",,,,,,,,,

表 165-F(103 年度)綜稅所得總額各縣市鄉鎮村里統計分析表,,,,,,單位:金額(千元),,,
縣市別:新,北,市,,,,製表日期:105 年 06 月 20 日,,,
,,納稅單位,綜合所得總額,平均數,中位數,第一分位數,第三分位數,標準差,變異係數
,昌平里,1617,1695170,1048,718,412,1251,1229.18,117.25
,昌明里,1105,903398,818,543,348,1018,912.79,111.65
,成德里,1447,994838,688,530,336,835,604.81,87.97
,福興里,1768,1493521,845,583,353,1022,1068.23,126.45
,昌信里,1124,1083284,964,683,391,1167,1087.84,112.87
,昌隆里,1402,1290189,920,648,373,1157,910.93,98.99
,中平里,2664,2763749,1037,718,431,1303,1554.90,149.88
,立廷里,3554,4053712,1141,830,455,1462,1238.23,108.56
,泰豐里,689,537587,780,573,358,981,728.96,93.43
,富民里,1082,755995,699,549,329,893,579.71,82.97
,龍福里,652,495364,760,597,363,999,576.73,75.91
,祥鳳里,676,506687,750,560,352,971,644.24,85.95
,民全里,1137,891637,784,597,367,936,783.65,99.93
,民有里,1178,849451,721,549,353,936,581.44,80.63
,光正里,1257,972963,774,570,355,943,766.27,99.00
,光和里,768,466494,607,495,324,776,426.89,70.28
,其 他,4,1362,341,338,245,434,122.35,35.92
,合 計,117573,97488697,829,581,354,999,1218.46,146.95
林口區,東林里,1291,961795,745,541,345,860,872.22,117.08
,林口里,1549,1215921,785,575,337,979,779.63,99.32
,西林里,2695,3152094,1170,724,400,1415,1803.17,154.17
,湖北里,420,346760,826,590,371,1034,741.34,89.79
,菁湖里,1447,1607838,1111,674,359,1287,1631.43,146.82
,湖南里,5858,7088271,1210,852,468,1496,1442.83,119.24
,南勢里,5324,7413072,1392,973,504,1752,1720.23,123.55
,頂福里,301,220999,734,525,336,837,912.79,124.32
,下福里,391,297157,760,525,336,916,982.04,129.22
,嘉寶里,233,174509,749,552,323,883,758.60,101.29
,瑞平里,203,142452,702,535,360,827,734.83,104.72
,太平里,396,261871,661,529,327,827,557.69,84.33
,中湖里,1028,934900,909,612,371,1073,1535.31,168.82
,東勢里,1864,1889377,1014,649,371,1247,1371.12,135.27
,仁愛里,2074,2704928,1304,834,442,1645,2024.66,155.24
,麗林里,2542,3051662,1200,847,474,1556,1254.37,104.49
"註:本統計之所得為課稅資料,未納入「政府移轉支出」各戶所得、免稅所得、分離課稅所得等資料,不宜逕作為衡量所得差距之參據,相關所得資料應以行政院主計總處公布之資料為準。",,,,,,,,,

表 165-F(103 年度)綜稅所得總額各縣市鄉鎮村里統計分析表,,,,,,單位:金額(千元),,,
縣市別:新,北,市,,,,製表日期:105 年 06 月 20 日,,,
,,納稅單位,綜合所得總額,平均數,中位數,第一分位數,第三分位數,標準差,變異係數
,麗園里,1220,1285514,1054,621,371,1174,2012.96,191.04
,其 他,0,0,0,0,0,0,0.00,0.00
,合 計,28836,32749121,1136,745,411,1393,1538.98,135.51
五股區,興珍里,1641,1567225,955,517,312,881,4443.50,465.27
,更寮里,343,221117,645,501,287,774,603.28,93.58
,集福里,1022,718488,703,548,326,877,643.31,91.51
,觀音里,292,197115,675,518,324,829,611.25,90.55
,成州里,1432,945284,660,507,317,828,586.24,88.81
,五股里,1124,840376,748,524,329,845,874.60,116.98
,五龍里,389,273143,702,475,279,819,836.51,119.13
,德音里,1558,2440467,1566,636,367,1131,11169.16,713.04
,貿商里,770,610131,792,605,349,1027,701.94,88.59
,陸一里,478,354439,742,568,339,904,742.53,100.14
,成功里,1499,1023595,683,517,325,823,735.36,107.69
,五福里,1043,665166,638,494,316,783,594.92,93.29
,成德里,728,478079,657,509,332,786,660.42,100.57
,德泰里,1242,1854866,1493,607,366,982,19460.15,1303.03
,六福里,1062,748136,704,540,353,854,593.96,84.31
,集賢里,987,636598,645,513,328,797,549.59,85.21
,民義里,910,724426,796,551,350,913,1165.18,146.37
,成泰里,1739,1362961,784,575,355,944,844.73,107.78
,水碓里,2213,1743428,788,555,351,926,1178.06,149.54
,福德里,864,629068,728,571,353,938,554.76,76.19
,其 他,1,1201,1201,1201,1201,1201,0.00,0.00
,合 計,21337,18035311,845,544,336,893,5765.16,682.06
蘆洲區,樓厝里,1813,1501442,828,587,362,1004,927.47,111.99
,保和里,739,540769,732,519,315,867,886.48,121.14
,得勝里,916,794399,867,511,333,852,2956.86,340.95
,仁復里,574,489855,853,578,319,994,1186.62,139.05
,溪墘里,913,670540,734,548,335,916,765.73,104.26
,中路里,1149,809950,705,555,337,898,592.65,84.07
,正義里,3587,4187945,1168,815,454,1517,1388.67,118.94
,水湳里,2954,2583075,874,602,360,1060,1470.64,168.18
,保佑里,1035,742686,718,528,321,872,819.69,114.23
"註:本統計之所得為課稅資料,未納入「政府移轉支出」各戶所得、免稅所得、分離課稅所得等資料,不宜逕作為衡量所得差距之參據,相關所得資料應以行政院主計總處公布之資料為準。",,,,,,,,,

表 165-F(103 年度)綜稅所得總額各縣市鄉鎮村里統計分析表,,,,,,單位:金額(千元),,,
縣市別:新,北,市,,,,製表日期:105 年 06 月 20 日,,,
,,納稅單位,綜合所得總額,平均數,中位數,第一分位數,第三分位數,標準差,變異係數
,樹德里,956,955179,999,560,337,937,5275.93,528.05
,中原里,1530,1205443,788,553,330,970,802.81,101.90
,恆德里,1807,1551194,858,612,366,1035,887.11,103.34
,光華里,1424,1128376,792,555,347,924,874.96,110.42
,鷺江里,1545,1465944,949,588,369,1038,1619.51,170.69
,南港里,1534,1128029,735,562,340,913,672.67,91.48
,永樂里,1664,1331046,800,563,350,967,1030.91,128.88
,永康里,1889,1444722,765,592,349,957,653.00,85.38
,信義里,1154,770177,667,525,336,790,700.82,105.01
,玉清里,1679,1505831,897,611,358,1082,1246.46,138.98
,復興里,977,653041,668,526,342,831,546.16,81.71
,水河里,2520,1906217,756,570,364,930,676.13,89.38
,仁愛里,1490,1134762,762,574,362,910,721.78,94.77
,忠義里,861,629899,732,548,345,885,811.98,110.99
,九芎里,1442,1023167,710,528,327,908,638.47,89.98
,中華里,943,718893,762,522,327,885,897.84,117.77
,得仁里,930,659684,709,518,328,845,664.70,93.71
,仁德里,1622,1262428,778,539,341,864,1136.35,146.00
,仁義里,1184,1021034,862,589,354,1016,897.03,104.02
,光明里,1323,1064686,805,582,364,962,995.76,123.73
,保新里,700,466590,667,517,334,809,593.86,89.09
,長安里,1296,938742,724,543,346,850,871.64,120.34
,民和里,770,541114,703,500,328,800,756.57,107.66
,忠孝里,721,537767,746,553,339,889,702.71,94.21
,福安里,920,704050,765,555,351,921,855.99,111.85
,永安里,1432,1085525,758,558,347,875,979.44,129.21
,延平里,1055,791542,750,569,352,941,670.93,89.42
,成功里,1982,1548280,781,562,346,940,792.86,101.50
,永德里,1218,892269,733,559,324,902,1332.10,181.84
,其 他,3,784,261,231,211,296,88.60,33.91
,合 計,52251,42387076,811,573,350,963,1268.27,156.34
三重區,二重里,471,283805,603,498,325,730,488.74,81.11
,五谷里,605,485375,802,603,355,904,857.32,106.86
,德厚里,107,74179,693,513,307,816,621.46,89.64
"註:本統計之所得為課稅資料,未納入「政府移轉支出」各戶所得、免稅所得、分離課稅所得等資料,不宜逕作為衡量所得差距之參據,相關所得資料應以行政院主計總處公布之資料為準。",,,,,,,,,

表 165-F(103 年度)綜稅所得總額各縣市鄉鎮村里統計分析表,,,,,,單位:金額(千元),,,
縣市別:新,北,市,,,,製表日期:105 年 06 月 20 日,,,
,,納稅單位,綜合所得總額,平均數,中位數,第一分位數,第三分位數,標準差,變異係數
福祉里,,1776,1737694,978,648,363,1174,2018.73,206.32
過田里,,2058,1800349,875,594,357,1073,1262.40,144.31
溪美里,,2282,1798707,788,584,366,995,691.04,87.67
厚德里,,1040,904946,870,609,373,1049,949.70,109.14
慈化里,,703,494176,703,539,353,865,559.01,79.52
永安里,,1113,849601,763,568,338,962,730.16,95.65
六合里,,1048,718302,685,532,314,842,597.14,87.12
福利里,,722,721855,1000,647,364,1220,1344.44,134.47
永興里,,406,340627,839,601,360,1038,815.43,97.19
清和里,,1265,1212631,959,657,380,1242,947.05,98.79
仁德里,,553,400097,724,524,340,841,1010.04,139.60
開元里,,409,290729,711,537,353,853,832.61,117.13
大德里,,247,181550,735,557,376,926,598.70,81.45
錦通里,,413,250760,607,476,285,766,503.50,82.93
光華里,,581,471731,812,619,371,949,767.63,94.54
光榮里,,418,426441,1020,613,373,1146,3163.70,310.11
大園里,,707,531846,752,540,335,908,851.49,113.19
長生里,,253,188184,744,534,331,914,744.16,100.05
長安里,,587,434515,740,532,338,867,828.62,111.94
同安里,,338,198541,587,449,270,749,492.46,83.84
光明里,,2261,2198366,972,612,362,1072,1608.30,165.41
菜寮里,,575,437542,761,561,377,893,832.51,109.41
大同里,,647,518283,801,575,336,984,829.95,103.61
長泰里,,628,412747,657,493,324,823,615.51,93.65
長元里,,646,446718,692,511,314,845,639.10,92.42
介壽里,,333,249392,749,580,371,883,684.03,91.33
三安里,,828,605074,731,531,341,874,725.19,99.24
文化里,,713,610516,856,527,311,895,2167.41,253.12
正義里,,560,684424,1222,555,333,957,7825.86,640.32
中正里,,394,314176,797,586,359,916,817.96,102.58
仁義里,,302,219517,727,527,331,892,705.45,97.05
長江里,,572,487680,853,576,373,1025,1017.49,119.34
錦江里,,628,418362,666,490,314,801,788.25,118.32
龍門里,,518,1058540,2044,515,324,844,30396.09,1487.44
"註:本統計之所得為課稅資料,未納入「政府移轉支出」各戶所得、免稅所得、分離課稅所得等資料,不宜逕作為衡量所得差距之參據,相關所得資料應以行政院主計總處公布之資料為準。",,,,,,,,,

表 165-F(103 年度)綜稅所得總額各縣市鄉鎮村里統計分析表,,,,,,單位:金額(千元),,,
縣市別:新,北,市,,,,製表日期:105 年 06 月 20 日,,,
,,納稅單位,綜合所得總額,平均數,中位數,第一分位數,第三分位數,標準差,變異係數
大安里,,426,288037,676,506,321,807,740.60,109.53
光正里,,870,983435,1130,728,428,1333,1214.42,107.43
重新里,,448,328754,734,572,348,890,793.64,108.15
民生里,,1170,778488,665,524,330,837,573.18,86.14
中山里,,835,696666,834,527,316,960,1242.20,148.89
國隆里,,771,623850,809,580,329,952,1339.61,165.56
重陽里,,1034,876971,848,546,359,911,3352.02,395.22
幸福里,,1296,1108477,855,538,327,886,2270.16,265.42
福安里,,876,684897,782,556,358,963,747.74,95.64
信安里,,627,472987,754,539,333,1002,661.25,87.66
安慶里,,543,345039,635,484,314,774,555.44,87.41
順德里,,564,364362,646,497,336,764,576.35,89.21
承德里,,482,360868,749,583,341,937,660.64,88.24
瑞德里,,571,379903,665,511,326,801,643.63,96.74
崇德里,,999,688159,689,533,349,866,577.31,83.81
尚德里,,883,619137,701,523,331,872,718.59,102.48
培德里,,1067,978764,917,556,344,962,1684.81,183.67
自強里,,525,361995,690,506,313,853,597.75,86.69
大有里,,1780,1310484,736,547,342,908,689.14,93.60
頂崁里,,790,699504,885,524,324,952,3126.49,353.10
谷王里,,294,243369,828,599,379,1026,872.80,105.44
中興里,,1287,1042884,810,555,342,970,979.31,120.85
成功里,,1907,1840114,965,720,403,1293,894.82,92.73
重明里,,1040,1239020,1191,672,394,1242,2657.50,223.06
光田里,,1411,1207807,856,603,367,1048,885.84,103.49
田心里,,1166,860699,738,535,349,900,941.37,127.53
福隆里,,1355,1067602,788,592,353,999,710.19,90.14
五常里,,1189,803431,676,522,336,826,576.58,85.33
慈生里,,593,383388,647,513,320,786,594.76,91.99
碧華里,,2309,2741734,1187,761,404,1449,1894.92,159.58
永德里,,1334,934894,701,536,333,859,615.82,87.87
永福里,,1499,1055156,704,512,323,848,862.39,122.51
福星里,,273,213984,784,555,332,962,859.87,109.70
錦安里,,513,365687,713,522,334,833,768.90,107.86
"註:本統計之所得為課稅資料,未納入「政府移轉支出」各戶所得、免稅所得、分離課稅所得等資料,不宜逕作為衡量所得差距之參據,相關所得資料應以行政院主計總處公布之資料為準。",,,,,,,,,

表 165-F(103 年度)綜稅所得總額各縣市鄉鎮村里統計分析表,,,,,,單位:金額(千元),,,
縣市別:新,北,市,,,,製表日期:105 年 06 月 20 日,,,
,,納稅單位,綜合所得總額,平均數,中位數,第一分位數,第三分位數,標準差,變異係數
光輝里,,436,354485,813,536,344,916,952.42,117.14
同慶里,,506,424814,840,621,356,1060,750.68,89.41
永春里,,575,444282,773,570,348,913,707.41,91.55
中民里,,358,226349,632,510,318,789,518.66,82.03
長福里,,449,314097,700,527,316,875,647.28,92.53
奕壽里,,529,395826,748,509,309,956,725.02,96.90
萬壽里,,579,466364,805,585,369,970,785.42,97.51
中央里,,431,305077,708,576,355,927,560.19,79.14
雙園里,,286,446757,1562,537,327,961,10059.09,643.95
正安里,,583,440151,755,545,347,884,735.10,97.37
吉利里,,427,279393,654,512,341,831,529.27,80.89
忠孝里,,468,348289,744,539,341,893,748.82,100.62
秀江里,,352,275635,783,533,307,914,1200.83,153.35
龍濱里,,881,668894,759,553,328,862,777.85,102.45
平和里,,397,244812,617,476,327,749,503.02,81.57
正德里,,291,210596,724,500,278,874,858.77,118.66
五福里,,1110,1011102,911,637,384,1088,1071.02,117.58
富華里,,950,768706,809,562,350,954,1004.44,124.13
田安里,,1860,1501255,807,558,339,981,793.96,98.37
慈惠里,,599,382055,638,500,341,788,541.71,84.93
慈福里,,580,371075,640,491,313,751,847.44,132.46
永盛里,,877,605556,690,531,336,855,706.48,102.32
福民里,,999,814957,816,555,337,903,1568.04,192.22
田中里,,1922,1668212,868,562,352,978,2679.42,308.70
永清里,,1548,1108438,716,543,336,898,638.66,89.19
維德里,,818,581775,711,516,338,852,781.92,109.94
五華里,,1526,1474587,966,622,378,1143,1498.66,155.09
永煇里,,669,407320,609,498,312,738,510.37,83.82
三民里,,959,770627,804,572,352,1004,774.88,96.43
錦田里,,644,2227654,3459,529,323,966,49285.26,1424.80
慈祐里,,1339,1029801,769,543,339,943,733.86,95.42
六福里,,1608,1133203,705,552,351,861,598.86,84.98
光陽里,,2068,1883827,911,597,346,1084,1438.03,157.86
福田里,,1128,927823,823,537,349,901,3269.31,397.47
"註:本統計之所得為課稅資料,未納入「政府移轉支出」各戶所得、免稅所得、分離課稅所得等資料,不宜逕作為衡量所得差距之參據,相關所得資料應以行政院主計總處公布之資料為準。",,,,,,,,,

表 165-F(103 年度)綜稅所得總額各縣市鄉鎮村里統計分析表,,,,,,單位:金額(千元),,,
縣市別:新,北,市,,,,製表日期:105 年 06 月 20 日,,,
,,納稅單位,綜合所得總額,平均數,中位數,第一分位數,第三分位數,標準差,變異係數
,富福里,575,376168,654,501,301,773,600.23,91.75
,仁忠里,791,484388,612,506,346,780,430.02,70.22
,富貴里,1991,2521115,1266,717,401,1354,3508.03,277.04
,慈愛里,942,581945,618,514,326,796,448.97,72.68
,福德里,1188,1059936,892,561,339,988,2560.86,287.03
,永豐里,1527,1092324,715,539,341,907,685.66,95.85
,博愛里,1394,984823,706,526,329,858,646.05,91.45
,永吉里,886,657391,742,547,345,915,676.64,91.19
,永順里,1341,883673,659,497,331,809,633.84,96.19
,永發里,1971,1651099,838,589,350,1034,953.64,113.84
,立德里,975,767900,788,573,328,975,809.21,102.75
,福樂里,1024,783179,765,529,331,848,1740.28,227.54
,仁華里,1267,980697,774,572,351,955,874.93,113.04
,五順里,982,668275,681,534,334,888,538.91,79.19
,其 他,49,24267,495,380,315,527,477.71,96.46
,合 計,106089,88439493,834,559,345,954,4653.47,558.21
泰山區,黎明里,1022,778443,762,592,365,953,660.84,86.76
,大科里,249,186329,748,585,328,971,653.63,87.35
,山腳里,2023,1496411,740,551,352,923,721.00,97.47
,楓樹里,1261,1090304,865,600,365,1027,1639.60,189.63
,同榮里,1282,1050608,820,575,355,984,959.53,117.09
,義學里,1330,985600,741,570,349,923,656.60,88.60
,明志里,1176,934317,794,552,341,966,931.23,117.21
,貴子里,1201,1023144,852,618,334,1060,815.82,95.76
,貴和里,1625,1270450,782,588,347,965,855.04,109.37
,福泰里,824,547529,664,507,326,812,614.56,92.49
,同興里,1163,1097963,944,660,396,1215,944.45,100.04
,義仁里,2441,2154110,882,647,388,1133,825.38,93.53
,泰友里,634,451962,713,551,333,939,567.64,79.63
,新明里,1009,703206,697,545,341,920,528.13,75.78
,貴賢里,1251,1128424,902,630,375,1127,835.15,92.59
,福興里,1152,1013415,880,675,390,1147,777.11,88.34
,全興里,2842,3021911,1063,821,458,1402,938.35,88.25
,其 他,1,454,454,454,454,454,0.00,0.00
"註:本統計之所得為課稅資料,未納入「政府移轉支出」各戶所得、免稅所得、分離課稅所得等資料,不宜逕作為衡量所得差距之參據,相關所得資料應以行政院主計總處公布之資料為準。",,,,,,,,,

表 165-F(103 年度)綜稅所得總額各縣市鄉鎮村里統計分析表,,,,,,單位:金額(千元),,,
縣市別:新,北,市,,,,製表日期:105 年 06 月 20 日,,,
,,納稅單位,綜合所得總額,平均數,中位數,第一分位數,第三分位數,標準差,變異係數
,合 計,22486,18934580,842,614,367,1066,884.31,105.02
新店區,張北里,2655,3107845,1171,717,392,1371,1607.52,137.33
,張南里,758,911681,1203,734,374,1359,1758.63,146.22
,廣明里,267,196660,737,580,356,938,596.66,81.01
,江陵里,2073,3149158,1519,765,410,1662,5530.84,364.08
,百忍里,1338,1215960,909,635,369,1112,942.12,103.67
,青潭里,1774,1468522,828,615,369,1050,753.14,90.98
,員潭里,1376,1126365,819,634,400,1072,831.97,101.64
,雙坑里,154,86130,559,493,331,725,375.16,67.08
,粗坑里,958,1266948,1322,688,372,1287,8493.98,642.27
,屈尺里,625,458645,734,537,339,926,629.62,85.80
,廣興里,292,203263,696,521,333,838,602.57,86.56
,龜山里,419,391307,934,511,320,855,3882.91,415.77
,直潭里,322,387228,1203,566,332,947,4666.15,388.01
,塗潭里,198,118784,600,496,290,775,603.04,100.52
,公崙里,3478,3336841,959,661,382,1152,1428.84,148.93
,柴埕里,2727,2459564,902,635,380,1159,876.57,97.19
,雙城里,1506,1039589,690,539,343,877,570.17,82.60
,頂城里,370,273810,740,534,348,850,1390.49,187.90
,下城里,979,2917306,2980,857,414,2149,16669.33,559.40
,文中里,602,631235,1049,644,401,1279,1494.99,142.58
,國校里,805,784166,974,666,370,1230,1893.16,194.35
,新生里,2036,2176810,1069,692,385,1341,1195.22,111.79
,中興里,1961,1990762,1015,683,376,1257,1249.67,123.10
,新安里,1542,1563543,1014,699,389,1249,1151.54,113.57
,文明里,732,664103,907,587,347,1061,1366.13,150.58
,寶興里,1926,2669626,1386,762,400,1608,2594.71,187.19
,寶安里,2018,2098726,1040,673,397,1281,1282.84,123.35
,信義里,2274,2679946,1179,670,387,1340,4736.72,401.92
,忠孝里,900,768116,853,616,364,1039,828.12,97.03
,大鵬里,935,1014079,1085,779,410,1397,1189.79,109.70
,大豐里,1269,1237801,975,652,360,1244,1388.74,142.37
,明德里,1405,1507509,1073,698,390,1299,1375.94,128.24
,中山里,1746,2910377,1667,1034,512,2030,2893.41,173.58
"註:本統計之所得為課稅資料,未納入「政府移轉支出」各戶所得、免稅所得、分離課稅所得等資料,不宜逕作為衡量所得差距之參據,相關所得資料應以行政院主計總處公布之資料為準。",,,,,,,,,

表 165-F(103 年度)綜稅所得總額各縣市鄉鎮村里統計分析表,,,,,,單位:金額(千元),,,
縣市別:新,北,市,,,,製表日期:105 年 06 月 20 日,,,
,,納稅單位,綜合所得總額,平均數,中位數,第一分位數,第三分位數,標準差,變異係數
和平里,,176,115716,657,505,307,839,580.18,88.24
仁愛里,,713,676241,948,635,357,1129,1339.48,141.23
中正里,,2089,2080947,996,676,389,1278,1080.33,108.45
美潭里,,1665,1474014,885,632,374,1135,1036.95,117.13
德安里,,1783,1355602,760,578,357,954,655.26,86.18
太平里,,998,979819,982,639,372,1141,1933.01,196.89
中央里,,2180,3905751,1792,881,417,1850,11452.02,639.20
百和里,,1140,1101659,966,657,353,1218,1196.30,123.79
福德里,,1261,1136429,901,636,377,1105,1127.23,125.08
福民里,,1423,1547088,1087,712,393,1311,1625.04,149.47
百福里,,1190,1200732,1009,684,391,1245,1090.47,108.07
國豐里,,1161,1084288,934,640,373,1175,987.33,105.72
新德里,,865,736233,851,601,358,1031,922.75,108.41
五峰里,,2630,2904179,1104,664,370,1259,1755.91,159.01
中華里,,1430,1548914,1083,670,388,1267,1443.00,133.22
忠誠里,,899,878209,977,677,381,1215,1059.03,108.41
永安里,,1521,1127588,741,566,351,933,751.14,101.32
新店里,,558,458140,821,593,331,1083,775.98,94.51
大同里,,1424,1659734,1166,675,388,1314,3391.39,290.97
玫瑰里,,1801,1295545,719,548,331,918,649.10,90.23
日興里,,1550,1077215,695,522,331,835,782.35,112.57
寶福里,,2492,3164114,1270,694,399,1379,5674.53,446.92
安和里,,2140,1927368,901,634,383,1122,916.21,101.73
明城里,,1194,1328319,1112,752,414,1363,1358.08,122.07
吉祥里,,1455,1344889,924,642,368,1101,1659.14,179.50
小城里,,1222,1237672,1013,662,377,1213,1220.04,120.46
香坡里,,3219,3300358,1025,688,397,1250,1586.52,154.74
建國里,,1048,1013266,967,652,340,1233,1099.17,113.69
復興里,,1095,941337,860,594,361,1047,895.82,104.21
美城里,,811,717548,885,553,343,912,3751.43,424.00
安昌里,,1624,1499928,924,688,404,1184,890.63,96.43
長春里,,950,1520811,1601,986,463,1850,5273.44,329.41
新和里,,1331,1050139,789,594,357,1005,704.36,89.27
永平里,,1651,1437055,870,646,385,1126,790.23,90.79
"註:本統計之所得為課稅資料,未納入「政府移轉支出」各戶所得、免稅所得、分離課稅所得等資料,不宜逕作為衡量所得差距之參據,相關所得資料應以行政院主計總處公布之資料為準。",,,,,,,,,

表 165-F(103 年度)綜稅所得總額各縣市鄉鎮村里統計分析表,,,,,,單位:金額(千元),,,
縣市別:新,北,市,,,,製表日期:105 年 06 月 20 日,,,
,,納稅單位,綜合所得總額,平均數,中位數,第一分位數,第三分位數,標準差,變異係數
,達觀里,1295,1258798,972,671,387,1234,1161.58,119.50
,華城里,963,4808029,4993,1197,552,2533,52970.66,1060.95
,其 他,15,11636,776,486,274,785,879.20,113.34
,合 計,93382,101717711,1089,660,379,1221,6334.01,581.49
石碇區,石碇里,121,72058,596,475,329,737,396.78,66.63
,潭邊里,187,189992,1016,540,315,928,3527.20,347.17
,烏塗里,165,197785,1199,547,379,1055,2517.73,210.04
,豐林里,75,54544,727,478,291,755,1195.33,164.36
,隆盛里,183,116729,638,475,322,779,580.59,91.02
,中民里,178,110652,622,486,344,799,438.90,70.60
,永定里,121,73041,604,514,337,766,378.87,62.76
,光明里,38,25201,663,448,276,796,665.72,100.38
,彭山里,70,44181,631,473,294,705,656.94,104.09
,豐田里,88,58303,663,540,316,788,591.54,89.28
,格頭里,216,156192,723,508,284,863,1020.26,141.09
,永安里,154,89205,579,498,304,742,430.95,74.40
,碧山里,0,0,0,0,0,0,0.00,0.00
,其 他,0,0,0,0,0,0,0.00,0.00
,合 計,1596,1187882,744,503,316,814,1580.35,212.33
深坑區,深坑里,932,789188,847,607,358,1053,823.76,97.28
,萬順里,713,560529,786,578,380,1004,646.94,82.29
,阿柔里,157,119892,764,569,374,844,818.56,107.19
,昇高里,571,456381,799,560,339,984,766.66,95.92
,土庫里,886,728990,823,561,337,940,1666.16,202.50
,埔新里,1848,1604611,868,617,355,1118,822.85,94.77
,萬福里,811,743751,917,601,358,981,1940.48,211.59
,賴仲里,687,643131,936,662,408,1163,991.69,105.93
,其 他,0,0,0,0,0,0,0.00,0.00
,合 計,6605,5646472,855,600,360,1034,1155.45,135.16
坪林區,坪林里,313,225947,722,534,309,848,800.94,110.95
,水德里,124,81748,659,507,335,768,541.79,82.18
,大林里,236,174243,738,538,307,893,751.97,101.85
,上德里,157,107736,686,512,303,764,879.79,128.21
,漁光里,156,109846,704,546,356,855,511.98,72.71
"註:本統計之所得為課稅資料,未納入「政府移轉支出」各戶所得、免稅所得、分離課稅所得等資料,不宜逕作為衡量所得差距之參據,相關所得資料應以行政院主計總處公布之資料為準。",,,,,,,,,

表 165-F(103 年度)綜稅所得總額各縣市鄉鎮村里統計分析表,,,,,,單位:金額(千元),,,
縣市別:新,北,市,,,,製表日期:105 年 06 月 20 日,,,
,,納稅單位,綜合所得總額,平均數,中位數,第一分位數,第三分位數,標準差,變異係數
,石��里,90,68035,756,582,359,870,727.35,96.22
,粗窟里,200,172716,864,516,331,822,1935.41,224.11
,其 他,0,0,0,0,0,0,0.00,0.00
,合 計,1276,940271,737,530,320,841,1020.44,138.48
烏來區,烏來里,569,502303,883,643,383,1004,1385.43,156.94
,忠治里,362,260414,719,544,325,928,604.72,84.06
,孝義里,54,38418,711,530,367,1009,525.99,73.93
,信賢里,97,64626,666,592,353,892,461.58,69.28
,福山里,89,59466,668,527,348,921,457.45,68.46
,其 他,0,0,0,0,0,0,0.00,0.00
,合 計,1171,925227,790,599,356,961,1048.25,132.67
板橋區,留侯里,446,413902,928,595,372,1055,1556.95,167.77
,流芳里,465,449998,968,660,340,1246,1151.75,119.01
,赤松里,240,293306,1222,672,371,1309,3963.92,324.35
,黃石里,323,253671,785,554,321,1021,731.90,93.19
,挹秀里,593,682064,1150,691,380,1459,1450.49,126.11
,社後里,1757,1301484,741,555,340,932,652.09,88.03
,新埔里,669,683166,1021,594,350,1091,3249.40,318.20
,江翠里,1399,1337636,956,586,356,1008,1864.86,195.04
,松翠里,1030,874612,849,592,364,1041,846.25,99.66
,嵐翠里,645,477882,741,532,349,865,871.64,117.65
,深丘里,2921,4360802,1493,820,439,1625,2775.01,185.88
,埔墘里,1993,1843050,925,618,361,1112,1532.27,165.69
,港嘴里,1841,1515514,823,581,361,1036,763.01,92.69
,湳興里,1664,1368022,822,603,360,1026,764.52,92.99
,鄉雲里,1199,1137296,949,601,348,1091,1806.89,190.49
,景星里,1101,1063271,966,670,375,1177,1234.94,127.88
,廣福里,1210,1034100,855,606,364,1026,1245.07,145.69
,溪洲里,1795,1407356,784,571,361,929,961.42,122.62
,崑崙里,2876,3291868,1145,608,364,1042,17195.29,1502.30
,浮洲里,990,695399,702,515,323,853,730.50,104.00
,中正里,1259,954794,758,562,358,969,693.95,91.51
,中山里,950,630492,664,506,337,792,731.03,110.15
,復興里,230,149683,651,533,336,776,598.97,92.04
"註:本統計之所得為課稅資料,未納入「政府移轉支出」各戶所得、免稅所得、分離課稅所得等資料,不宜逕作為衡量所得差距之參據,相關所得資料應以行政院主計總處公布之資料為準。",,,,,,,,,

表 165-F(103 年度)綜稅所得總額各縣市鄉鎮村里統計分析表,,,,,,單位:金額(千元),,,
縣市別:新,北,市,,,,製表日期:105 年 06 月 20 日,,,
,,納稅單位,綜合所得總額,平均數,中位數,第一分位數,第三分位數,標準差,變異係數
自強里,,1905,1860196,976,674,390,1190,1394.78,142.84
國光里,,1252,1317093,1052,731,408,1354,1048.35,99.65
新興里,,929,754193,812,617,356,1007,816.04,100.52
福德里,,1602,1506023,940,640,377,1147,1418.59,150.90
和平里,,1315,1573590,1197,915,480,1598,1125.30,94.04
仁愛里,,1010,790311,782,570,342,998,829.05,105.95
福星里,,1170,1159253,991,688,406,1232,1038.36,104.80
公館里,,1159,922779,796,568,339,975,765.86,96.19
新民里,,1346,1218899,906,633,358,1139,960.67,106.08
振興里,,1317,997202,757,535,341,930,742.59,98.07
光復里,,964,953870,989,630,383,1076,3079.14,311.18
香丘里,,1177,1042469,886,597,355,1032,1928.48,217.74
雙玉里,,1060,887338,837,596,350,1073,766.49,91.56
福壽里,,1090,1152633,1057,632,351,1092,2067.90,195.55
玉光里,,1546,1272285,823,599,372,966,945.50,114.89
港尾里,,974,983875,1010,643,389,1258,1515.80,150.06
民權里,,805,668319,830,562,342,1033,856.26,103.14
建國里,,1025,746510,728,560,356,910,608.85,83.60
百壽里,,631,531189,842,598,363,1060,840.14,99.80
忠誠里,,1313,1328439,1012,673,389,1345,1266.73,125.20
幸福里,,1131,820291,725,560,362,877,608.24,83.86
漢生里,,1418,1482368,1045,633,376,1156,2097.43,200.64
聯翠里,,1261,1514918,1201,737,380,1379,1840.77,153.22
宏翠里,,1572,1380043,878,621,377,1078,930.17,105.95
華翠里,,1155,1047676,907,618,370,1144,913.88,100.75
福翠里,,365,243490,667,497,347,806,574.95,86.19
九如里,,785,631743,805,567,350,967,921.08,114.45
埤墘里,,1218,1144248,939,630,388,1140,1032.19,109.87
廣新里,,887,638008,719,568,364,897,596.68,82.95
福丘里,,1729,3531288,2042,964,447,2040,5952.66,291.46
廣德里,,2139,2012258,941,647,376,1151,1265.74,134.55
福祿里,,1207,1095653,908,673,378,1214,891.57,98.22
華興里,,1312,1187076,905,658,378,1173,814.82,90.06
聚安里,,1509,1071217,710,548,348,873,618.56,87.14
"註:本統計之所得為課稅資料,未納入「政府移轉支出」各戶所得、免稅所得、分離課稅所得等資料,不宜逕作為衡量所得差距之參據,相關所得資料應以行政院主計總處公布之資料為準。",,,,,,,,,

表 165-F(103 年度)綜稅所得總額各縣市鄉鎮村里統計分析表,,,,,,單位:金額(千元),,,
縣市別:新,北,市,,,,製表日期:105 年 06 月 20 日,,,
,,納稅單位,綜合所得總額,平均數,中位數,第一分位數,第三分位數,標準差,變異係數
龍翠里,,1591,1563514,983,624,374,1168,1291.66,131.44
柏翠里,,1230,1339976,1089,661,395,1220,1632.65,149.86
文翠里,,1276,1109061,869,588,361,989,1281.48,147.44
青翠里,,831,604678,728,542,347,874,670.49,92.14
香社里,,1260,971557,771,589,364,948,695.29,90.17
大安里,,1128,829587,735,542,368,854,966.05,131.35
東丘里,,1322,1169119,884,608,371,1068,910.92,103.00
華德里,,2259,2114083,936,675,409,1135,929.19,99.29
國泰里,,1114,1074108,964,674,387,1281,928.08,96.25
光華里,,928,831812,896,603,335,1054,1291.19,144.05
自立里,,808,581083,719,588,365,903,588.47,81.83
重慶里,,2704,2213631,819,601,363,1051,788.17,96.28
港德里,,1381,1071504,776,567,344,929,759.60,97.90
忠翠里,,3397,4861041,1431,873,458,1769,2328.25,162.70
明翠里,,1385,1065334,769,558,330,936,747.47,97.18
滿翠里,,803,542447,676,518,324,846,581.07,86.02
新翠里,,2553,2405228,942,663,396,1153,1261.00,133.85
溪頭里,,1749,1528355,874,590,373,1061,1049.62,120.12
華江里,,2355,2794664,1187,754,396,1463,1631.20,137.46
海山里,,2348,2568275,1094,680,399,1320,1456.34,133.14
大豐里,,1417,1136487,802,565,352,996,870.79,108.57
吉翠里,,1008,694117,689,523,320,862,628.48,91.27
民族里,,1409,1469914,1043,695,384,1290,1154.65,110.68
信義里,,1212,953515,787,571,346,936,838.74,106.61
純翠里,,1666,1369017,822,601,350,1046,794.03,96.63
長壽里,,864,647328,749,556,351,978,618.21,82.51
振義里,,1132,912350,806,588,365,1006,808.79,100.35
西安里,,776,672036,866,607,372,1032,944.84,109.10
光仁里,,884,638361,722,548,321,893,671.34,92.97
介壽里,,916,742382,810,573,353,989,769.86,94.99
仁翠里,,798,520939,653,514,325,839,493.85,75.65
永安里,,1036,911000,879,599,371,1099,977.82,111.20
懷翠里,,1680,1299286,773,541,352,966,702.52,90.84
長安里,,1380,1274905,924,644,383,1174,1034.88,112.02
"註:本統計之所得為課稅資料,未納入「政府移轉支出」各戶所得、免稅所得、分離課稅所得等資料,不宜逕作為衡量所得差距之參據,相關所得資料應以行政院主計總處公布之資料為準。",,,,,,,,,

表 165-F(103 年度)綜稅所得總額各縣市鄉鎮村里統計分析表,,,,,,單位:金額(千元),,,
縣市別:新,北,市,,,,製表日期:105 年 06 月 20 日,,,
,,納稅單位,綜合所得總額,平均數,中位數,第一分位數,第三分位數,標準差,變異係數
德翠里,,2252,2007437,891,646,393,1161,765.54,85.88
溪北里,,1043,816109,782,547,344,984,838.33,107.14
華中里,,1493,937223,628,503,334,785,481.50,76.70
僑中里,,1135,736539,649,526,334,804,567.01,87.38
金華里,,1154,834285,723,535,358,869,682.37,94.39
華貴里,,786,565969,720,557,346,892,575.26,79.89
華東里,,2599,3081080,1185,751,397,1438,2069.27,174.55
福安里,,766,507959,663,512,335,841,557.06,84.00
龍安里,,716,450680,629,524,335,789,490.49,77.92
香雅里,,801,604123,754,559,365,918,669.65,88.79
光榮里,,791,636351,804,584,354,987,734.14,91.26
新生里,,1354,1000402,739,571,366,919,601.33,81.39
民安里,,682,540914,793,569,318,981,762.30,96.11
後埔里,,1285,1627248,1266,679,396,1310,5998.67,473.70
五權里,,1173,875882,747,554,365,900,661.94,88.65
華福里,,665,551571,829,587,342,1107,784.81,94.62
大觀里,,1087,722467,665,535,349,816,567.66,85.41
歡園里,,354,230394,651,534,344,796,500.19,76.85
成和里,,1902,1549726,815,609,371,1045,682.57,83.77
溪福里,,4084,3533682,865,626,373,1124,988.43,114.24
堂春里,,1242,919170,740,557,347,891,686.16,92.72
文德里,,961,893501,930,616,369,1165,946.57,101.81
陽明里,,887,738642,833,581,360,970,898.17,107.86
文化里,,994,973174,979,603,359,1126,1374.55,140.40
朝陽里,,953,678962,712,540,352,857,613.51,86.11
新海里,,1022,661441,647,522,346,826,517.75,80.00
松柏里,,682,587604,862,595,343,1045,946.07,109.80
莒光里,,908,863480,951,640,396,1169,999.01,105.05
文聖里,,1173,1032718,880,603,380,1089,897.50,101.94
富貴里,,755,827821,1096,647,372,1271,1807.75,164.87
居仁里,,1021,814727,798,587,350,1004,701.40,87.90
正泰里,,986,770063,781,585,358,996,677.13,86.70
莊敬里,,1327,1505618,1135,815,430,1491,1281.16,112.92
民生里,,716,659738,921,657,383,1080,1021.64,110.88
"註:本統計之所得為課稅資料,未納入「政府移轉支出」各戶所得、免稅所得、分離課稅所得等資料,不宜逕作為衡量所得差距之參據,相關所得資料應以行政院主計總處公布之資料為準。",,,,,,,,,

表 165-F(103 年度)綜稅所得總額各縣市鄉鎮村里統計分析表,,,,,,單位:金額(千元),,,
縣市別:新,北,市,,,,製表日期:105 年 06 月 20 日,,,
,,納稅單位,綜合所得總額,平均數,中位數,第一分位數,第三分位數,標準差,變異係數
,東安里,710,532186,750,559,340,942,642.10,85.66
,其 他,8,4163,520,380,304,663,304.84,58.58
,合 計,157941,144439855,915,610,366,1082,2746.66,300.34
三峽區,三峽里,84,62435,743,601,350,968,625.90,84.21
,秀川里,170,114854,676,539,332,849,544.27,80.56
,八張里,985,717726,729,546,347,862,823.42,113.00
,中埔里,677,464662,686,549,333,923,511.86,74.58
,礁溪里,1492,1084483,727,542,330,904,650.92,89.55
,永館里,2023,1619575,801,581,344,998,874.19,109.19
,鳶山里,2608,2057273,789,552,345,946,880.80,111.66
,龍埔里,2407,1868088,776,573,345,992,717.54,92.45
,弘道里,291,194784,669,507,332,841,606.51,90.61
,大埔里,1058,801149,757,581,342,1006,638.44,84.31
,嘉添里,534,405838,760,525,314,866,991.26,130.43
,添福里,302,198327,657,487,337,805,643.88,98.05
,溪南里,374,281382,752,498,305,815,836.40,111.17
,溪北里,560,353815,632,510,306,764,507.35,80.30
,溪東里,822,547405,666,514,337,802,593.20,89.08
,成福里,234,150464,643,536,347,712,619.32,96.32
,安坑里,292,184223,631,511,295,773,504.26,79.93
,竹崙里,426,400823,941,472,312,777,4844.68,514.90
,金圳里,106,61775,583,460,298,685,474.41,81.40
,五寮里,152,86815,571,445,283,690,511.82,89.61
,插角里,147,103278,703,535,342,901,587.16,83.57
,有木里,106,85497,807,468,327,811,1625.59,201.54
,安溪里,1965,1567186,798,563,334,975,1784.42,223.74
,中正里,1245,843935,678,520,332,879,560.58,82.70
,介壽里,1571,1006086,640,494,333,798,488.64,76.30
,二鬮里,903,639795,709,532,334,863,736.50,103.95
,龍恩里,1700,1907736,1122,832,449,1506,1037.70,92.47
,龍學里,4401,5485444,1246,867,460,1525,2534.16,203.32
,其 他,0,0,0,0,0,0,0.00,0.00
,合 計,27635,23294854,843,587,350,1022,1443.07,171.19
鶯歌區,東鶯里,274,214397,782,584,355,1017,777.03,99.30
"註:本統計之所得為課稅資料,未納入「政府移轉支出」各戶所得、免稅所得、分離課稅所得等資料,不宜逕作為衡量所得差距之參據,相關所得資料應以行政院主計總處公布之資料為準。",,,,,,,,,

表 165-F(103 年度)綜稅所得總額各縣市鄉鎮村里統計分析表,,,,,,單位:金額(千元),,,
縣市別:新,北,市,,,,製表日期:105 年 06 月 20 日,,,
,,納稅單位,綜合所得總額,平均數,中位數,第一分位數,第三分位數,標準差,變異係數
,西鶯里,727,552839,760,544,338,912,776.60,102.13
,南鶯里,1653,1374580,832,583,359,1008,913.97,109.91
,北鶯里,1235,1205311,976,678,408,1216,1387.23,142.14
,中鶯里,286,222797,779,569,336,1022,707.05,90.76
,建德里,128,85711,670,537,326,843,496.47,74.14
,同慶里,502,414123,825,541,327,982,1104.27,133.86
,南靖里,997,697696,700,535,323,860,712.25,101.78
,尖山里,2034,1445634,711,537,347,890,636.40,89.54
,二橋里,2079,1508121,725,554,352,931,595.08,82.03
,二甲里,245,165335,675,503,334,878,535.29,79.32
,東湖里,73,55693,763,513,404,827,785.97,103.02
,中湖里,1637,1060671,648,511,332,789,593.32,91.57
,鳳鳴里,1365,934362,685,531,357,835,664.44,97.07
,永昌里,2504,1850476,739,550,354,906,714.85,96.73
,永吉里,1500,959519,640,505,339,789,509.57,79.66
,鳳福里,1212,781294,645,507,336,792,696.24,108.01
,大湖里,1592,1154759,725,540,351,864,760.17,104.80
,建國里,1880,1339443,712,542,347,887,917.34,128.76
,鳳祥里,1393,929111,667,517,345,833,548.97,82.31
,其 他,1,292,292,292,292,292,0.00,0.00
,合 計,23317,16952164,727,541,348,891,769.81,105.88
樹林區,樹東里,357,288374,808,542,306,941,1079.89,133.69
,彭厝里,1510,1043020,691,533,329,872,566.89,82.07
,樹西里,1685,1646556,977,617,352,1164,2112.74,216.21
,坡內里,444,288919,651,467,306,755,646.30,99.32
,樹北里,283,257175,909,627,385,1090,1178.46,129.68
,潭底里,1212,893634,737,538,331,895,798.48,108.30
,�寮里,1352,925766,685,529,335,853,585.98,85.58
,三多里,1226,773874,631,498,315,797,547.51,86.74
,東山里,1024,758960,741,488,323,804,2054.06,277.14
,西山里,4,2778,694,671,374,992,377.95,54.43
,樂山里,409,326730,799,521,338,856,1216.83,152.32
,東園里,449,344224,767,536,340,916,801.27,104.52
,西園里,490,331561,677,498,321,813,606.72,89.67
"註:本統計之所得為課稅資料,未納入「政府移轉支出」各戶所得、免稅所得、分離課稅所得等資料,不宜逕作為衡量所得差距之參據,相關所得資料應以行政院主計總處公布之資料為準。",,,,,,,,,

表 165-F(103 年度)綜稅所得總額各縣市鄉鎮村里統計分析表,,,,,,單位:金額(千元),,,
縣市別:新,北,市,,,,製表日期:105 年 06 月 20 日,,,
,,納稅單位,綜合所得總額,平均數,中位數,第一分位數,第三分位數,標準差,變異係數
,南園里,4460,5334697,1196,832,447,1481,1450.03,121.23
,北園里,632,446200,706,517,312,841,739.77,104.78
,柑園里,2887,3693026,1279,842,446,1532,2432.30,190.14
,樹南里,1303,1068556,820,587,353,997,827.94,100.96
,樹德里,1091,961328,881,554,358,951,2958.19,335.72
,樹人里,1038,875894,844,554,345,962,1485.93,176.09
,保安里,1915,1512935,790,572,349,980,752.84,95.29
,三福里,1094,719620,658,500,315,835,573.53,87.19
,三興里,1136,691730,609,506,322,768,467.11,76.71
,大同里,1008,826141,820,593,362,1065,744.55,90.85
,彭福里,1495,1157831,774,564,357,932,920.06,118.80
,東陽里,1732,1248073,721,546,330,913,791.75,109.87
,東昇里,1498,1137980,760,564,342,913,1113.26,146.55
,和平里,1136,740606,652,513,328,817,530.27,81.34
,圳福里,1304,871629,668,517,331,829,572.88,85.71
,圳安里,1080,750011,694,554,338,882,686.74,98.89
,樹興里,1105,878098,795,565,362,970,837.34,105.37
,彭興里,1622,1034625,638,516,329,801,479.70,75.20
,文林里,1549,1217666,786,593,369,978,710.47,90.38
,光興里,1080,707197,655,521,336,819,510.23,77.92
,金寮里,1227,850038,693,546,353,860,559.43,80.75
,中山里,1432,1085114,758,572,352,964,643.86,84.97
,山佳里,1688,1217736,721,561,344,868,640.77,88.82
,育英里,944,799889,847,608,376,1041,813.96,96.06
,樹福里,1215,1286226,1059,689,380,1266,1314.24,124.15
,中華里,993,693185,698,540,339,915,537.90,77.06
,太順里,804,509797,634,506,331,786,571.62,90.15
,圳民里,838,590166,704,536,341,866,778.17,110.50
,圳生里,633,466879,738,493,312,753,2506.07,339.78
,三龍里,717,481047,671,505,308,884,585.81,87.31
,其 他,3,1630,543,407,402,617,245.55,45.20
,合 計,51104,41737121,817,573,348,978,1227.26,150.27
中和區,中原里,1697,1683277,992,646,372,1194,1413.07,142.46
,平河里,2937,2715297,925,656,387,1164,1105.22,119.55
"註:本統計之所得為課稅資料,未納入「政府移轉支出」各戶所得、免稅所得、分離課稅所得等資料,不宜逕作為衡量所得差距之參據,相關所得資料應以行政院主計總處公布之資料為準。",,,,,,,,,

表 165-F(103 年度)綜稅所得總額各縣市鄉鎮村里統計分析表,,,,,,單位:金額(千元),,,
縣市別:新,北,市,,,,製表日期:105 年 06 月 20 日,,,
,,納稅單位,綜合所得總額,平均數,中位數,第一分位數,第三分位數,標準差,變異係數
力行里,,2010,1943405,967,690,397,1278,905.45,93.65
枋寮里,,1144,994899,870,605,363,1073,837.47,96.30
廟美里,,1384,1235293,893,588,371,1009,3612.36,404.72
瓦�里,,1640,1511341,922,636,389,1096,1395.12,151.39
積穗里,,2718,2468203,908,652,397,1110,907.16,99.90
瑞穗里,,737,590598,801,622,379,1031,667.08,83.24
灰�里,,193,146667,760,535,339,1000,674.06,88.70
錦和里,,1685,1669797,991,661,411,1150,1404.58,141.74
內南里,,1482,1133607,765,549,366,898,934.41,122.16
外南里,,1390,1142380,822,594,353,1024,871.57,106.05
頂南里,,952,809852,851,626,396,1047,773.02,90.87
橫路里,,87,55134,634,524,314,787,487.81,76.97
連和里,,872,848573,973,711,393,1202,1144.80,117.64
漳和里,,1166,1391256,1193,639,381,1168,4846.67,406.20
秀山里,,1431,1182434,826,605,371,1011,801.11,96.95
員山里,,1967,1821834,926,639,376,1157,1877.79,202.74
安樂里,,1243,1419221,1142,772,412,1472,1184.67,103.76
壽德里,,1345,1171770,871,666,395,1128,779.81,89.51
新南里,,2795,2948085,1055,750,419,1394,1031.50,97.79
崇南里,,1315,1182912,900,659,387,1122,848.10,94.28
東南里,,1246,982093,788,595,351,986,695.79,88.28
秀明里,,1628,1564535,961,678,381,1182,1327.37,138.12
安平里,,2035,2354360,1157,749,398,1495,1372.79,118.66
景平里,,1866,1745215,935,637,368,1137,1079.40,115.41
嘉穗里,,862,618886,718,547,343,870,697.16,97.10
景安里,,1580,1375856,871,616,369,1100,849.09,97.51
連城里,,2017,1855833,920,646,385,1167,1160.50,126.13
福美里,,1342,1008594,752,546,346,911,1056.13,140.53
安和里,,1119,1178353,1053,674,381,1296,1323.55,125.69
中安里,,1638,1823497,1113,754,394,1397,1264.83,113.62
泰安里,,1103,1029709,934,590,355,997,1742.02,186.60
華南里,,1624,1574678,970,642,389,1128,1296.35,133.70
秀峰里,,1419,1222114,861,623,346,1078,1000.77,116.20
秀水里,,1073,775119,722,558,347,890,637.82,88.29
"註:本統計之所得為課稅資料,未納入「政府移轉支出」各戶所得、免稅所得、分離課稅所得等資料,不宜逕作為衡量所得差距之參據,相關所得資料應以行政院主計總處公布之資料為準。",,,,,,,,,

表 165-F(103 年度)綜稅所得總額各縣市鄉鎮村里統計分析表,,,,,,單位:金額(千元),,,
縣市別:新,北,市,,,,製表日期:105 年 06 月 20 日,,,
,,納稅單位,綜合所得總額,平均數,中位數,第一分位數,第三分位數,標準差,變異係數
景南里,,963,836689,869,559,363,961,1514.06,174.26
復興里,,1581,1224562,775,578,347,955,732.22,94.53
和興里,,1402,1344383,959,642,388,1141,1262.15,131.62
南山里,,1806,1937545,1073,706,406,1333,1594.37,148.61
景新里,,1099,885825,806,595,371,991,695.58,86.30
景福里,,1781,1604209,901,616,370,1078,1041.85,115.67
清穗里,,938,695745,742,590,361,938,610.15,82.26
佳和里,,1484,1330257,896,618,361,1067,1378.06,153.73
德穗里,,1353,1198128,886,598,359,1031,1276.92,144.20
嘉新里,,1163,850061,731,563,357,892,708.67,96.96
建和里,,1064,835429,785,561,342,968,836.59,106.55
仁和里,,1275,917870,720,552,338,905,635.27,88.24
秀景里,,2113,2046196,968,670,391,1259,928.17,95.85
中正里,,1205,858916,713,532,350,893,611.80,85.83
福善里,,1354,1080621,798,577,364,976,797.17,99.88
福真里,,1265,1018546,805,581,356,967,840.93,104.44
秀仁里,,1070,1002353,937,701,388,1241,804.22,85.85
忠孝里,,1433,1055496,737,572,356,913,650.35,88.30
民享里,,818,588683,720,543,371,901,583.00,81.01
民生里,,1351,1147720,850,646,391,1077,718.67,84.60
國光里,,1172,963659,822,627,367,1055,756.81,92.04
福和里,,1141,1080677,947,577,361,985,4441.79,468.97
秀成里,,1156,1019241,882,596,373,1036,966.30,109.60
秀福里,,1608,1541154,958,645,375,1154,1091.97,113.93
華新里,,2214,1818653,821,635,385,1064,692.89,84.35
壽南里,,666,519300,780,569,345,977,715.59,91.77
文元里,,1652,1165994,706,550,336,873,588.21,83.34
明德里,,1149,824911,718,562,345,921,641.45,89.35
信和里,,1104,833435,755,551,338,949,697.63,92.41
福祥里,,1513,1247214,824,590,356,994,1006.16,122.06
景文里,,1087,1080711,994,665,373,1245,1112.63,111.91
錦昌里,,670,725571,1083,691,387,1277,1469.78,135.72
民安里,,1507,1152348,765,578,361,978,634.61,82.99
安穗里,,1398,1154389,826,601,374,1037,821.65,99.50
"註:本統計之所得為課稅資料,未納入「政府移轉支出」各戶所得、免稅所得、分離課稅所得等資料,不宜逕作為衡量所得差距之參據,相關所得資料應以行政院主計總處公布之資料為準。",,,,,,,,,

表 165-F(103 年度)綜稅所得總額各縣市鄉鎮村里統計分析表,,,,,,單位:金額(千元),,,
縣市別:新,北,市,,,,製表日期:105 年 06 月 20 日,,,
,,納稅單位,綜合所得總額,平均數,中位數,第一分位數,第三分位數,標準差,變異係數
,明穗里,1541,1274216,827,602,366,1015,803.62,97.19
,自強里,1548,1320474,853,561,346,912,5168.81,605.94
,正行里,992,906131,913,639,395,1087,1321.39,144.66
,德行里,2315,2569238,1110,763,427,1371,1314.78,118.47
,安順里,1481,1480268,1000,662,382,1199,1353.26,135.39
,宜安里,620,579487,935,646,366,1149,1036.94,110.94
,秀義里,826,755678,915,629,375,1085,1139.39,124.54
,秀士里,707,640538,906,649,381,1209,812.64,89.70
,興南里,930,705924,759,558,340,954,794.93,104.73
,景本里,614,472295,769,546,339,978,803.66,104.48
,中興里,2266,2368453,1045,753,425,1330,1450.15,138.74
,吉興里,1038,1027241,990,694,410,1267,993.02,100.34
,福南里,1289,1058961,822,591,363,1000,917.83,111.72
,正南里,989,682308,690,537,351,832,593.97,86.10
,錦盛里,1120,827893,739,561,352,897,757.33,102.45
,中山里,877,723502,825,617,375,1039,839.93,101.81
,冠穗里,1099,943044,858,568,361,990,1548.19,180.42
,嘉慶里,1203,876305,728,559,344,918,636.25,87.34
,錦中里,1176,946293,805,565,334,1007,849.17,105.53
,員富里,995,739318,743,580,359,928,660.57,88.90
,民有里,869,642318,739,544,343,849,756.56,102.36
,碧河里,1367,1283266,939,651,372,1194,1116.34,118.92
,國華里,983,762730,776,599,386,988,621.66,80.12
,其 他,9,6459,718,467,341,1180,603.72,84.12
,合 計,124151,110353506,889,621,371,1084,1396.51,157.11
土城區,埤塘里,1032,755964,733,537,332,914,848.18,115.79
,土城里,578,425098,735,501,315,874,817.37,111.14
,員林里,1761,1439766,818,583,351,987,936.05,114.49
,貨饒里,1250,891721,713,545,353,867,667.25,93.53
,柑林里,961,877223,913,655,374,1175,794.30,87.02
,埤林里,2727,2465357,904,663,388,1139,806.99,89.26
,峰廷里,2015,1347757,669,516,337,839,598.81,89.53
,廷寮里,1302,957908,736,562,351,933,717.38,97.51
,清水里,2292,1665179,727,549,348,925,626.46,86.23
"註:本統計之所得為課稅資料,未納入「政府移轉支出」各戶所得、免稅所得、分離課稅所得等資料,不宜逕作為衡量所得差距之參據,相關所得資料應以行政院主計總處公布之資料為準。",,,,,,,,,

表 165-F(103 年度)綜稅所得總額各縣市鄉鎮村里統計分析表,,,,,,單位:金額(千元),,,
縣市別:新,北,市,,,,製表日期:105 年 06 月 20 日,,,
,,納稅單位,綜合所得總額,平均數,中位數,第一分位數,第三分位數,標準差,變異係數
清化里,,423,406809,962,536,332,835,4971.46,516.93
大安里,,1423,1105141,777,546,337,940,952.49,122.64
永寧里,,2449,1860243,760,566,358,958,685.20,90.21
祖田里,,423,262339,620,479,321,781,506.51,81.67
頂埔里,,1430,1163922,814,543,353,903,2210.04,271.53
沛陂里,,1377,1105084,803,559,341,934,2080.89,259.29
頂新里,,845,804492,952,730,419,1217,856.02,89.91
長風里,,639,587881,920,660,394,1214,1019.31,110.79
頂福里,,1403,937030,668,517,338,839,601.80,90.11
員仁里,,1695,1158718,684,500,323,820,1095.10,160.19
日新里,,1350,956156,708,540,330,916,644.30,90.97
瑞興里,,874,651516,745,569,349,956,661.75,88.77
清溪里,,1903,1573017,827,575,346,1008,926.93,112.14
清和里,,1679,1072307,639,498,328,788,529.51,82.91
永豐里,,1261,1146406,909,621,373,1152,877.59,96.53
日和里,,1650,1195872,725,539,341,883,656.24,90.54
平和里,,1961,1381471,704,534,346,863,680.81,96.64
樂利里,,1645,1190453,724,548,343,909,607.43,83.94
廣福里,,1762,1596048,906,615,373,1185,1050.84,116.01
學府里,,1083,810253,748,557,348,909,656.14,87.70
延壽里,,1269,874992,690,537,342,837,632.55,91.74
安和里,,1382,984522,712,560,352,910,556.48,78.11
青雲里,,826,615688,745,556,347,933,662.56,88.89
員福里,,1625,1210746,745,523,327,882,1252.77,168.14
延吉里,,1102,697768,633,481,332,779,589.54,93.11
復興里,,1386,1097778,792,570,348,948,742.19,93.71
裕生里,,1676,1331480,794,583,363,972,813.20,102.36
員信里,,1294,992318,767,559,361,915,924.02,120.49
延和里,,1890,1472061,779,575,355,960,777.47,99.82
學成里,,952,770412,809,574,356,960,1428.77,176.55
永富里,,1398,919641,658,520,338,827,499.36,75.91
中正里,,951,769018,809,595,355,1051,751.57,92.94
學士里,,1446,1460942,1010,697,378,1321,970.99,96.11
明德里,,1898,2022130,1065,746,410,1369,1196.72,112.33
"註:本統計之所得為課稅資料,未納入「政府移轉支出」各戶所得、免稅所得、分離課稅所得等資料,不宜逕作為衡量所得差距之參據,相關所得資料應以行政院主計總處公布之資料為準。",,,,,,,,,

表 165-F(103 年度)綜稅所得總額各縣市鄉鎮村里統計分析表,,,,,,單位:金額(千元),,,
縣市別:新,北,市,,,,製表日期:105 年 06 月 20 日,,,
,,納稅單位,綜合所得總額,平均數,中位數,第一分位數,第三分位數,標準差,變異係數
,廣興里,1078,878459,815,587,343,1018,882.83,108.34
,青山里,833,579925,696,532,344,834,638.57,91.72
,金城里,1732,1445446,835,622,372,1073,914.69,109.60
,延祿里,1095,746565,682,553,356,855,520.36,76.32
,其 他,5,4359,872,862,592,1020,576.38,66.11
,合 計,65031,50665379,779,563,350,957,1000.56,128.43
瑞芳區,龍潭里,252,208215,826,575,338,897,1028.61,124.49
,龍鎮里,376,250823,667,531,313,831,582.96,87.39
,龍山里,379,247547,653,512,327,787,554.61,84.91
,龍川里,518,331494,640,481,303,796,548.83,85.76
,龍安里,179,120054,671,520,309,871,556.08,82.91
,柑坪里,308,187979,610,481,317,751,505.86,82.88
,爪峰里,1116,711876,638,511,325,795,512.01,80.27
,基山里,90,58069,645,534,330,791,527.02,81.68
,永慶里,77,50895,661,444,282,672,717.67,108.58
,崇文里,80,59873,748,603,388,929,794.77,106.19
,福住里,35,24337,695,602,363,971,482.23,69.35
,頌德里,89,52378,589,486,272,779,494.32,83.99
,瓜山里,52,39542,760,464,306,1149,710.92,93.49
,石山里,84,67029,798,564,367,1050,640.02,80.21
,新山里,86,50418,586,495,300,714,474.18,80.88
,銅山里,52,31013,596,499,298,692,457.07,76.64
,龍興里,654,537230,821,612,366,1083,711.02,86.56
,濓洞里,138,93890,680,478,324,981,588.43,86.49
,吉慶里,505,313501,621,514,321,786,515.89,83.10
,傑魚里,591,342397,579,458,299,702,471.62,81.41
,上天里,400,220092,550,469,308,707,388.48,70.60
,猴硐里,117,68021,581,434,284,688,568.19,97.73
,光復里,75,40992,547,506,283,819,333.60,61.04
,弓橋里,80,46361,580,462,294,716,405.12,69.91
,碩仁里,37,22554,610,387,293,639,880.82,144.50
,海濱里,279,182957,656,523,280,851,638.54,97.37
,深澳里,245,151009,616,499,315,810,491.61,79.76
,鼻頭里,139,84694,609,462,285,659,1000.66,164.23
"註:本統計之所得為課稅資料,未納入「政府移轉支出」各戶所得、免稅所得、分離課稅所得等資料,不宜逕作為衡量所得差距之參據,相關所得資料應以行政院主計總處公布之資料為準。",,,,,,,,,

表 165-F(103 年度)綜稅所得總額各縣市鄉鎮村里統計分析表,,,,,,單位:金額(千元),,,
縣市別:新,北,市,,,,製表日期:105 年 06 月 20 日,,,
,,納稅單位,綜合所得總額,平均數,中位數,第一分位數,第三分位數,標準差,變異係數
,南雅里,51,28960,568,442,262,605,687.46,121.07
,吉安里,844,541637,642,526,317,796,551.01,85.86
,濓新里,61,38892,638,494,271,883,590.70,92.65
,瑞濱里,512,333710,652,506,311,865,502.82,77.15
,東和里,444,282119,635,496,325,793,567.52,89.32
,新峰里,873,569427,652,512,338,831,486.48,74.58
,其 他,0,0,0,0,0,0,0.00,0.00
,合 計,9818,6389982,651,507,316,810,574.94,88.34
平溪區,薯榔里,96,49360,514,443,307,651,349.74,68.02
,白石里,58,29565,510,473,351,606,268.63,52.70
,菁桐里,61,35625,584,439,276,747,505.32,86.52
,平溪里,70,39125,559,407,303,739,394.42,70.57
,石底里,96,64418,671,462,295,840,632.78,94.30
,嶺腳里,166,104645,630,516,310,742,651.70,103.38
,東勢里,82,64354,785,516,354,868,920.37,117.27
,平湖里,38,20636,543,504,304,647,319.84,58.90
,南山里,85,44014,518,455,270,635,481.81,93.05
,新寮里,23,13646,593,456,352,648,420.53,70.88
,十分里,166,114285,688,504,306,830,782.54,113.66
,望古里,35,23889,683,592,426,901,429.03,62.86
,其 他,0,0,0,0,0,0,0.00,0.00
,合 計,976,603561,618,482,309,750,607.35,98.21
雙溪區,雙溪里,124,123608,997,491,290,710,4780.36,479.55
,共和里,118,77059,653,477,315,800,553.45,84.75
,新基里,197,134569,683,524,313,837,659.05,96.48
,魚行里,192,126771,660,486,303,833,547.51,82.92
,三港里,109,85714,786,665,381,1032,607.15,77.21
,牡丹里,428,289580,677,507,294,814,613.74,90.71
,三貂里,65,91107,1402,516,318,807,5762.62,411.13
,平林里,256,175395,685,503,314,940,565.67,82.56
,上林里,142,85174,600,496,288,744,450.74,75.15
,外柑里,99,63883,645,489,350,726,488.44,75.70
,長源里,73,44075,604,455,300,700,616.46,102.10
,泰平里,237,162702,687,496,303,836,781.77,113.88
"註:本統計之所得為課稅資料,未納入「政府移轉支出」各戶所得、免稅所得、分離課稅所得等資料,不宜逕作為衡量所得差距之參據,相關所得資料應以行政院主計總處公布之資料為準。",,,,,,,,,

表 165-F(103 年度)綜稅所得總額各縣市鄉鎮村里統計分析表,,,,,,,單位:金額(千元),,,
縣市別:新,北,市,,,,,製表日期:105 年 06 月 20 日,,,
,,,納稅單位,綜合所得總額,平均數,中位數,第一分位數,第三分位數,標準差,變異係數
,其,他,0,0,0,0,0,0,0.00,0.00
,合,計,2040,1459637,716,506,307,835,1667.09,232.99
貢寮區,貢寮里,,213,143294,673,508,302,797,591.43,87.91
,雙玉里,,148,111783,755,570,382,831,765.74,101.38
,龍崗里,,90,56946,633,496,288,689,602.27,95.19
,吉林里,,104,64494,620,474,284,772,564.78,91.07
,龍門里,,158,97187,615,424,288,744,636.19,103.43
,福隆里,,364,231979,637,469,296,775,636.48,99.87
,福連里,,174,104098,598,512,307,804,404.12,67.55
,仁里里,,445,299242,672,525,312,860,624.39,92.85
,真理里,,468,268274,573,428,275,739,493.54,86.10
,美豐里,,160,89153,557,476,282,750,395.98,71.07
,和美里,,220,138594,630,499,323,698,569.42,90.39
,其,他,0,0,0,0,0,0,0.00,0.00
,合,計,2544,1605044,631,482,301,786,579.25,91.81
金山區,和平里,,120,94882,791,518,330,1001,894.57,113.14
,大同里,,173,125662,726,546,316,854,782.46,107.72
,豐漁里,,105,57737,550,429,270,617,475.56,86.48
,磺港里,,361,210930,584,440,288,698,506.04,86.61
,美田里,,1211,815625,674,514,302,869,565.69,83.99
,五湖里,,511,364710,714,488,309,844,1173.60,164.43
,重和里,,345,283604,822,457,250,918,1191.67,144.96
,兩湖里,,99,60808,614,395,241,764,623.63,101.53
,六股里,,170,102866,605,451,268,732,615.41,101.70
,三界里,,137,73195,534,411,259,704,451.13,84.44
,清泉里,,195,124612,639,489,288,833,593.09,92.81
,西湖里,,58,39424,680,509,293,877,544.80,80.15
,萬壽里,,92,59365,645,548,368,775,496.33,76.92
,永興里,,137,74863,546,435,264,683,429.52,78.60
,金美里,,1392,873414,627,487,301,799,535.55,85.35
,其,他,0,0,0,0,0,0,0.00,0.00
,合,計,5106,3361697,658,483,295,812,710.76,107.96
萬里區,萬里里,,1162,743085,639,500,311,801,576.08,90.08
,龜吼里,,528,455989,864,515,289,882,3210.18,371.71
"註:本統計之所得為課稅資料,未納入「政府移轉支出」各戶所得、免稅所得、分離課稅所得等資料,不宜逕作為衡量所得差距之參據,相關所得資料應以行政院主計總處公布之資料為準。",,,,,,,,,,

表 165-F(103 年度)綜稅所得總額各縣市鄉鎮村里統計分析表,,,,,,單位:金額(千元),,,
縣市別:新,北,市,,,,製表日期:105 年 06 月 20 日,,,
,,納稅單位,綜合所得總額,平均數,中位數,第一分位數,第三分位數,標準差,變異係數
,野柳里,660,427447,648,499,313,793,618.99,95.58
,大鵬里,684,426525,624,496,298,765,532.42,85.38
,磺潭里,159,95680,602,453,295,758,482.05,80.11
,雙興里,215,196428,914,509,297,845,2743.55,300.29
,溪底里,153,97372,636,504,307,829,487.19,76.55
,崁腳里,113,80332,711,519,355,860,708.90,99.72
,中幅里,271,186398,688,486,310,786,1038.50,150.99
,北基里,644,374237,581,447,295,678,663.25,114.13
,其 他,0,0,0,0,0,0,0.00,0.00
,合 計,4589,3083492,672,494,302,790,1370.53,203.97
淡水區,草東里,254,199240,784,528,263,974,827.52,105.50
,長庚里,494,420098,850,575,316,1022,949.14,111.61
,清文里,326,221969,681,457,282,836,905.02,132.92
,鄧公里,2183,3675460,1684,736,423,1313,24109.97,1431.99
,永吉里,276,202286,733,534,328,993,636.62,86.86
,協元里,448,313877,701,536,317,870,628.87,89.76
,民安里,226,187765,831,521,301,971,1113.67,134.04
,新生里,190,168160,885,574,363,1014,1314.50,148.52
,文化里,566,479147,847,589,335,1101,819.54,96.81
,油車里,1646,1312872,798,575,340,1016,803.97,100.80
,沙崙里,1084,837475,773,551,341,934,782.97,101.34
,水碓里,1789,1398577,782,574,329,1006,822.84,105.25
,北投里,2872,2757854,960,726,391,1268,904.73,94.22
,崁頂里,2526,2743509,1086,761,408,1346,2304.41,212.17
,屯山里,287,196251,684,519,321,849,652.28,95.39
,中和里,157,132518,844,553,336,875,1940.63,229.91
,水源里,563,438415,779,550,329,938,1154.59,148.27
,忠寮里,290,249093,859,517,317,902,1449.31,168.73
,樹興里,390,394646,1012,572,313,1192,1738.11,171.76
,埤島里,480,408692,851,591,333,973,1052.19,123.58
,興仁里,462,511854,1108,528,294,906,6649.71,600.20
,義山里,786,525326,668,495,310,798,724.20,108.36
,蕃薯里,291,230953,794,577,306,913,1449.38,182.62
,忠山里,243,180362,742,545,336,956,640.12,86.24
"註:本統計之所得為課稅資料,未納入「政府移轉支出」各戶所得、免稅所得、分離課稅所得等資料,不宜逕作為衡量所得差距之參據,相關所得資料應以行政院主計總處公布之資料為準。",,,,,,,,,

表 165-F(103 年度)綜稅所得總額各縣市鄉鎮村里統計分析表,,,,,,單位:金額(千元),,,
縣市別:新,北,市,,,,製表日期:105 年 06 月 20 日,,,
,,納稅單位,綜合所得總額,平均數,中位數,第一分位數,第三分位數,標準差,變異係數
,賢孝里,404,320370,793,567,316,903,1385.07,174.66
,竿蓁里,3673,4355779,1186,731,398,1280,4206.80,354.74
,坪頂里,445,445060,1000,598,328,1154,1638.45,163.82
,八勢里,1989,3173538,1596,808,407,1473,10645.54,667.20
,竹圍里,2152,2128135,989,657,383,1224,1153.31,116.62
,中興里,1145,858457,750,533,321,919,810.16,108.06
,福德里,2356,2925762,1242,802,416,1460,2452.90,197.52
,民生里,2403,2290338,953,640,373,1164,1636.95,171.75
,新興里,2308,1909247,827,628,367,1056,722.90,87.39
,新義里,1219,852404,699,522,324,849,773.07,110.55
,新春里,2204,2692463,1222,675,377,1196,12432.58,1017.71
,新民里,1440,1439998,1000,642,366,1229,1642.77,164.28
,正德里,1388,1204442,868,639,359,1147,767.51,88.45
,北新里,908,875510,964,697,381,1335,919.03,95.31
,幸福里,1217,941308,773,580,338,975,714.15,92.33
,學府里,1303,1064737,817,580,349,1006,1005.87,123.10
,民權里,1409,1529384,1085,667,378,1261,3322.29,306.08
,大庄里,1799,1673815,930,630,368,1140,1161.05,124.79
,其 他,4,2354,588,625,458,756,253.18,43.03
,合 計,48595,48869500,1006,640,361,1148,6418.40,638.24
汐止區,仁德里,544,403840,742,560,365,882,720.12,97.00
,義民里,419,328130,783,538,330,945,836.09,106.76
,禮門里,311,253196,814,559,335,939,1197.39,147.08
,智慧里,1472,1549366,1053,727,403,1315,1148.19,109.09
,信望里,107,118787,1110,639,356,1083,3081.61,277.58
,橋東里,940,809476,861,606,377,1065,1032.54,119.90
,茄苳里,1356,949609,700,547,366,900,522.05,74.55
,保安里,471,323292,686,498,320,803,882.28,128.54
,保長里,1295,974212,752,593,379,982,581.20,77.26
,鄉長里,712,542679,762,542,354,911,745.71,97.84
,江北里,1811,1359798,751,561,350,906,734.16,97.78
,烘內里,448,367213,820,584,371,1029,810.32,98.86
,拱北里,1370,929403,678,528,339,840,577.76,85.17
,樟樹里,664,428516,645,501,346,793,522.34,80.94
"註:本統計之所得為課稅資料,未納入「政府移轉支出」各戶所得、免稅所得、分離課稅所得等資料,不宜逕作為衡量所得差距之參據,相關所得資料應以行政院主計總處公布之資料為準。",,,,,,,,,

表 165-F(103 年度)綜稅所得總額各縣市鄉鎮村里統計分析表,,,,,,單位:金額(千元),,,
縣市別:新,北,市,,,,製表日期:105 年 06 月 20 日,,,
,,納稅單位,綜合所得總額,平均數,中位數,第一分位數,第三分位數,標準差,變異係數
北峰里,,1394,920669,660,521,340,819,516.54,78.21
北山里,,1828,1606524,879,611,371,1051,984.32,112.00
八連里,,295,188912,640,494,309,826,545.01,85.11
白雲里,,1302,1287025,988,680,413,1214,1082.08,109.47
橫科里,,1388,1123889,810,587,359,990,744.47,91.94
東山里,,159,111201,699,494,324,815,695.48,99.44
新昌里,,1700,1566009,921,647,372,1095,1399.97,151.98
秀峰里,,1269,1004478,792,557,351,1017,726.97,91.84
復興里,,2547,2964420,1164,789,426,1502,1431.41,122.99
長安里,,465,310720,668,515,327,850,562.99,84.25
福山里,,1244,1592383,1280,676,385,1393,2086.22,162.98
宜興里,,1003,1074443,1071,686,412,1186,1557.12,145.36
中興里,,2457,1929952,785,576,354,961,727.72,92.64
湖光里,,2045,2222100,1087,728,401,1343,1368.08,125.90
厚德里,,2244,1871388,834,602,379,1014,1727.16,207.11
忠孝里,,2485,2006985,808,584,352,988,943.13,116.78
文化里,,1378,1259427,914,634,380,1129,1066.41,116.68
自強里,,1676,1567271,935,645,371,1181,990.62,105.93
金龍里,,1591,1262134,793,597,375,991,706.88,89.11
福德里,,1053,805546,765,587,362,966,621.05,81.18
興福里,,978,833227,852,631,380,1068,747.34,87.72
康福里,,1880,1781680,948,691,397,1167,1266.84,133.68
忠山里,,1267,2055290,1622,882,446,1835,2868.73,176.85
環河里,,438,333306,761,520,349,857,849.56,111.64
東勢里,,1474,2155888,1463,851,453,1727,2470.89,168.94
山光里,,762,588729,773,588,380,993,643.67,83.31
大同里,,904,776236,859,607,363,1066,941.16,109.61
崇德里,,1547,1375887,889,638,392,1111,928.23,104.37
湖興里,,2209,3788334,1715,732,402,1308,26500.35,1545.25
長青里,,342,543811,1590,757,402,1775,2512.51,158.01
福安里,,1857,2069812,1115,809,459,1444,1134.11,101.75
秀山里,,1409,1669712,1185,704,372,1318,2255.83,190.36
建成里,,1759,1645948,936,732,412,1220,816.11,87.22
城中里,,1523,1437802,944,708,414,1220,838.58,88.83
"註:本統計之所得為課稅資料,未納入「政府移轉支出」各戶所得、免稅所得、分離課稅所得等資料,不宜逕作為衡量所得差距之參據,相關所得資料應以行政院主計總處公布之資料為準。",,,,,,,,,

表 165-F(103 年度)綜稅所得總額各縣市鄉鎮村里統計分析表,,,,,,單位:金額(千元),,,
縣市別:新,北,市,,,,製表日期:105 年 06 月 20 日,,,
,,納稅單位,綜合所得總額,平均數,中位數,第一分位數,第三分位數,標準差,變異係數
,湖蓮里,993,1299365,1309,952,441,1671,1388.55,106.12
,保新里,871,622605,715,566,361,903,567.06,79.33
,其 他,8,3436,430,299,163,564,376.55,87.66
,合 計,61664,58994059,957,632,377,1121,5165.34,539.91
三芝區,八賢里,89,56285,632,443,258,823,713.88,112.88
,埔頭里,1385,836819,604,488,289,761,487.03,80.61
,古庄里,285,188599,662,494,279,814,702.29,106.13
,新庄里,211,129653,614,476,279,752,565.85,92.09
,埔坪里,1757,1113400,634,478,298,771,644.65,101.73
,茂長里,178,108994,612,423,266,814,573.17,93.61
,橫山里,122,75530,619,416,273,804,548.04,88.52
,錫板里,207,144125,696,516,311,806,630.84,90.60
,後厝里,671,595504,887,522,313,960,1807.65,203.68
,福德里,213,203068,953,597,393,1182,1109.51,116.38
,圓山里,138,107076,776,458,272,719,1753.19,225.95
,店子里,155,96454,622,506,276,777,571.95,91.91
,興華里,345,294803,855,533,329,798,1892.72,221.50
,其 他,2,2561,1281,1281,710,1851,1613.79,126.03
,合 計,5758,3952872,687,493,297,804,996.36,145.14
石門區,德茂里,260,153547,591,456,270,641,696.20,117.89
,富基里,369,225923,612,452,277,738,589.13,96.22
,老梅里,561,446266,795,462,278,767,4257.66,535.23
,山溪里,210,135651,646,460,304,791,597.85,92.55
,石門里,448,309061,690,518,320,850,568.56,82.42
,尖鹿里,428,270293,632,487,309,789,606.67,96.06
,乾華里,74,44539,602,445,257,729,587.96,97.69
,茂林里,214,164614,769,610,380,1071,524.57,68.20
,草里里,249,147689,593,448,289,751,466.63,78.67
,其 他,1,119,119,119,119,119,0.00,0.00
,合 計,2814,1897701,674,480,299,796,1971.70,292.37
八里區,龍源里,2117,2041834,964,597,364,1067,2322.51,240.80
,米倉里,951,1097268,1154,582,334,975,7954.12,689.38
,大崁里,783,652453,833,567,331,966,1287.70,154.54
,埤頭里,961,744520,775,555,349,966,776.71,100.26
"註:本統計之所得為課稅資料,未納入「政府移轉支出」各戶所得、免稅所得、分離課稅所得等資料,不宜逕作為衡量所得差距之參據,相關所得資料應以行政院主計總處公布之資料為準。",,,,,,,,,

表 165-F(103 年度)綜稅所得總額各縣市鄉鎮村里統計分析表,,,,,,單位:金額(千元),,,
縣市別:新,北,市,,,,製表日期:105 年 06 月 20 日,,,
,,納稅單位,綜合所得總額,平均數,中位數,第一分位數,第三分位數,標準差,變異係數
,頂罟里,524,386451,738,539,339,888,736.59,99.88
,舊城里,1867,1306735,700,537,340,892,609.93,87.14
,訊塘里,1093,792212,725,550,339,928,677.24,93.44
,荖阡里,421,319683,759,537,329,889,879.37,115.81
,下罟里,368,357664,972,526,309,806,5237.61,538.90
,長坑里,393,268325,683,485,312,840,733.58,107.44
,其 他,5,3265,653,552,351,701,501.07,76.73
,合 計,9483,7970409,840,558,342,943,3006.07,357.66
永和區,下溪里,1171,1145541,978,674,398,1179,1190.61,121.71
,中溪里,1595,1614528,1012,671,385,1263,1769.52,174.81
,上溪里,676,628583,930,649,367,1217,875.60,94.16
,後溪里,597,601659,1008,715,392,1289,1025.81,101.79
,頂溪里,838,857763,1024,677,375,1313,1293.98,126.42
,網溪里,364,341174,937,671,368,1236,1054.61,112.52
,復興里,801,773715,966,685,383,1218,982.56,101.72
,竹林里,1207,1130924,937,645,354,1156,1144.23,122.12
,中興里,922,949682,1030,672,369,1210,1420.25,137.89
,店街里,1434,1763218,1230,726,404,1449,2305.66,187.52
,潭墘里,1528,1784006,1168,741,396,1492,1903.04,163.00
,水源里,1348,1320669,980,712,383,1241,1049.68,107.14
,秀朗里,1230,1076775,875,615,380,1052,1184.42,135.30
,大同里,253,166733,659,497,345,796,651.95,98.93
,永成里,233,174140,747,537,358,870,701.15,93.81
,福和里,1877,2106818,1122,737,383,1413,1593.09,141.93
,豫溪里,1177,1167955,992,680,379,1312,1010.33,101.82
,上林里,1101,1134298,1030,684,401,1296,1068.81,103.74
,新�里,738,679557,921,666,349,1133,922.52,100.19
,和平里,1599,1583167,990,674,364,1260,1506.79,152.19
,仁愛里,872,858771,985,664,387,1225,1006.03,102.15
,前溪里,704,693088,984,690,384,1249,1057.75,107.44
,永興里,1030,915255,889,652,369,1081,935.55,105.28
,永安里,1395,1668705,1196,789,409,1518,1407.53,117.67
,雙和里,1309,1292710,988,714,395,1310,990.80,100.33
,得和里,1553,1580401,1018,670,387,1285,1195.31,117.46
"註:本統計之所得為課稅資料,未納入「政府移轉支出」各戶所得、免稅所得、分離課稅所得等資料,不宜逕作為衡量所得差距之參據,相關所得資料應以行政院主計總處公布之資料為準。",,,,,,,,,

表 165-F(103 年度)綜稅所得總額各縣市鄉鎮村里統計分析表,,,,,,單位:金額(千元),,,
縣市別:新,北,市,,,,製表日期:105 年 06 月 20 日,,,
,,納稅單位,綜合所得總額,平均數,中位數,第一分位數,第三分位數,標準差,變異係數
大新里,,925,946267,1023,730,380,1366,1060.93,103.71
桂林里,,1158,1090499,942,639,370,1174,974.78,103.51
勵行里,,394,357900,908,647,361,1123,1114.90,122.74
光復里,,556,498600,897,596,368,1120,856.31,95.49
光明里,,1020,1022368,1002,688,392,1307,1026.78,102.44
信義里,,957,1037018,1084,682,390,1255,2263.32,208.87
正興里,,785,761007,969,641,375,1194,1069.72,110.34
忠義里,,182,127829,702,533,344,859,622.83,88.68
新生里,,220,167036,759,586,370,964,675.24,88.93
河堤里,,1071,1283468,1198,817,439,1439,1419.72,118.47
民治里,,953,855745,898,629,359,1070,1612.97,179.63
智光里,,1005,790493,787,595,351,1024,663.13,84.31
秀和里,,1654,1847191,1117,686,391,1341,2107.13,188.68
潭安里,,1577,1560752,990,686,378,1256,1324.11,133.79
永貞里,,1139,1149605,1009,673,389,1176,2902.32,287.55
福林里,,1043,954280,915,641,363,1163,1110.55,121.38
安和里,,1347,1375742,1021,687,369,1311,1352.84,132.46
文化里,,847,811624,958,690,365,1215,967.14,100.93
民權里,,1489,1590697,1068,707,390,1268,1744.73,163.32
民生里,,1201,1101900,917,605,352,1123,2144.11,233.69
永福里,,921,1013278,1100,680,380,1257,2864.16,260.33
河濱里,,1025,1063734,1038,666,378,1251,1325.25,127.70
永元里,,1611,1556317,966,700,379,1223,994.37,102.93
秀成里,,882,796055,903,663,379,1116,1187.31,131.55
秀林里,,1179,1046792,888,626,384,1114,965.80,108.78
秀得里,,876,807433,922,663,397,1111,1037.15,112.52
民族里,,1500,1615373,1077,688,391,1232,1624.48,150.85
民本里,,1314,1531528,1166,732,425,1387,2281.35,195.73
民樂里,,1595,2007153,1258,736,417,1354,2141.21,170.15
協和里,,889,768214,864,582,340,1030,1121.35,129.77
保平里,,1560,1702350,1091,693,393,1240,2379.01,218.01
保安里,,2450,4063939,1659,795,433,1555,18220.55,1098.45
民富里,,910,793286,872,662,394,1126,776.84,89.11
秀元里,,969,898248,927,653,367,1174,977.43,105.44
"註:本統計之所得為課稅資料,未納入「政府移轉支出」各戶所得、免稅所得、分離課稅所得等資料,不宜逕作為衡量所得差距之參據,相關所得資料應以行政院主計總處公布之資料為準。",,,,,,,,,

表 165-F(103 年度)綜稅所得總額各縣市鄉鎮村里統計分析表,,,,,,,,單位:金額(千元),,,
縣市別:新,,北,市,,,,,製表日期:105 年 06 月 20 日,,,
,,,,納稅單位,綜合所得總額,平均數,中位數,第一分位數,第三分位數,標準差,變異係數
,,永樂里,,797,775580,973,656,391,1243,941.09,96.71
,,保順里,,3410,4322319,1268,878,462,1627,1455.52,114.83
,,其,他,1,19,19,19,19,19,0.00,0.00
,,合,計,68964,72101476,1045,688,386,1266,3744.04,358.11
其,他,其,他,243,219823,905,602,358,1064,983.56,108.73
,,合,計,243,219823,905,602,358,1064,983.56,108.73
"註:本統計之所得為課稅資料,未納入「政府移轉支出」各戶所得、免稅所得、分離課稅所得等資料,不宜逕作為衡量所得差距之參據,相關所得資料應以行政院主計總處公布之資料為準。",,,,,,,,,,,
